抽象数据类型,CON
操作效率,CON
逻辑结构,CON
物理结构,CON
存储结构,CON
时间复杂度,CON
空间复杂度,CON
边,CON
引用,CON
最长路径,CON
贪心,ARI
无序序列,CON
有序序列,CON
集合,CON
数组,CON
指针,CON
映射,CON
数据类型,CON
树,CON
树的节点,CON
根节点,CON
子节点,CON
父节点,CON
叶子节点,CON
左子树,CON
右子树,CON
子树,CON
完全二叉树,CON
满二叉树,CON
二叉树,CON
二叉搜索树,CON
平衡二叉树,CON
堆,CON
大根堆,CON
小根堆,CON
图,CON
有向图,CON
无向图,CON
图的顶点,CON
图的边,CON
加权图,CON
邻接表,CON
邻接矩阵,CON
链表,CON
单链表,CON
双向链表,CON
循环链表,CON
线性表,CON
队列,CON
栈,CON
非线性结构,CON
线性结构,CON
哈希表,CON
哈希函数,CON
冲突解决,CON
插入,CON
删除,CON
查找,CON
遍历,CON
排序,CON
更新,CON
访问,CON
初始化,CON
递归,CON
迭代,CON
递推,CON
稳定性,CON
入栈,CON
出栈,CON
入队,CON
出队,CON
前驱节点,CON
后继节点,CON
头节点,CON
尾节点,CON
数据元素,CON
数据项,CON
空表,CON
表长,CON
位序,CON
静态数组,CON
动态数组,CON
有序表,CON
无序表,CON
表头,CON
表尾,CON
散列文件,CON
平衡因子,CON
路径,CON
回路,CON
树的深度,CON
树的高度,CON
树的度,CON
循环链表,CON
双向链表,CON
循环队列,CON
双向队列,CON
邻接多重表,CON
十字链表,CON
AOV 网,CON
AOE 网,CON
顶点度数,CON
边的方向,CON
稀疏图,CON
稠密图,CON
链表节点,CON
连通图,CON
非连通图,CON
强连通图,CON
弱连通图,CON
边的权重,CON
时间复杂度,ARI
空间复杂度,ARI
冒泡排序,ARI
选择排序,ARI
插入排序,ARI
快速排序,ARI
归并排序,ARI
堆排序,ARI
广度优先搜索,ARI
深度优先搜索,ARI
贪心策略,ARI
动态规划入门,ARI
回溯法,ARI
穷举法,ARI
拓扑排序,ARI
最小生成树,ARI
最短路径,ARI
递归基础,ARI
迭代法,ARI
简单排序,ARI
交换排序,ARI
比较排序,ARI
算法的有穷性,ARI
算法的确定性,ARI
算法的可行性,ARI
排序算法稳定性,ARI
顺序查找,ARI
二分查找,ARI
算法步骤,ARI
直接插入排序,ARI
希尔排序,ARI
基数排序,ARI
并查集,ARI
克鲁斯卡尔算法,ARI
普里姆算法,ARI
迪杰斯特拉算法,ARI
弗洛伊德算法,ARI
分治,ARI
最坏情况,CON
散列存储,CON
Dijkstra算法,ARI
边表,CON
前缀树,CON
重叠子问题,ARI
渐近复杂度,CON
顶点,CON
B+树,CON
强连通分量,CON
栈内存,CON
索引存储,CON
扩容,CON
二项堆,CON
B树,CON
负权边,ARI
树表查找,ARI
内部排序,ARI
贪心算法,ARI
插值查找,ARI
双端队列,CON
散列表,CON
Floyd算法,ARI
平衡,CON
最优子结构,ARI
AVL树,CON
出度,CON
Kruskal算法,ARI
复制,CON
分治算法,ARI
顺序访问,CON
回溯算法,ARI
原地排序,ARI
贪心选择性质,ARI
销毁,CON
中序遍历,CON
计数排序,ARI
关键路径,ARI
入度,CON
斐波那契堆,CON
环,CON
非比较排序,ARI
内存分配,CON
平均查找长度,ARI
单源最短路径,ARI
可持久化数据结构,CON
路径压缩,CON
连通分量,CON
后序遍历,CON
KMP算法,CON
优先队列,CON
垃圾回收,CON
线段树,CON
折半查找,ARI
按秩合并,CON
后缀树,CON
合并,CON
前序遍历,CON
随机访问,CON
摊还分析,CON
跳跃表,CON
大O记号,CON
链地址法,CON
内存池,CON
旋转,CON
内部节点,CON
层序遍历,CON
链式存储,CON
分支限界,ARI
分块查找,ARI
分割,CON
记忆化搜索,ARI
AC自动机,CON
开放寻址,CON
堆内存,CON
红黑树,CON
动态内存,CON
布隆过滤器,CON
度,CON
动态规划,ARI
会计方法,CON
负权回路,ARI
指数查找,ARI
对象池,CON
聚合分析,CON
不稳定排序,ARI
多路归并,ARI
局部最优,ARI
顺序存储,CON
线性查找,ARI
势能方法,CON
缩容,CON
查找成功,ARI
多源最短路径,ARI
AOE网,ARI
字符串,CON
静态查找,ARI
Prim算法,ARI
生成森林,CON
外部排序,ARI
二路归并,ARI
动态查找,ARI
Θ记号,CON
移动,CON
LRU缓存,CON
树状数组,CON
字典树,CON
平均情况,CON
引用计数,CON
不相交集合,CON
全局最优,ARI
稳定排序,ARI
哈希查找,ARI
后缀数组,CON
桶排序,ARI
静态内存,CON
LFU缓存,CON
最好情况,CON
AOV网,ARI
Bellman-Ford算法,ARI
内存回收,CON
递归复杂度,CON
查找失败,ARI
Ω记号,CON
状态转移,ARI
函数式数据结构,CON
